{
  "appTitle": "Dreyer Eis",
  "appLogo": "Eislogo.svg",
  "groups": [
    {
      "title": "Kugeleis",
      "image": "kugeleis.png",
      "active": true,
      "articles": [
        {
          "name": "Schoko",
          "price": 1.9,
          "active": true
        },
        {
          "name": "Vanille",
          "price": 1.8,
          "active": true
        }
      ]
    },
    {
      "title": "Crepes",
      "image": "crepes.png",
      "active": true,
      "articles": [
        {
          "name": "Nutella",
          "price": 2.5,
          "active": true
        },
        {
          "name": "Zucker",
          "price": 3,
          "active": true
        }
      ]
    }
  ],
  "zoom": 1,
  "impressum": "Familie Dreyer, Am Kahlbuschblick 10, 01809 Dohna"
}